Year,Bitcoin Price,Bitcoin Balance,Fiat Balance,Bitcoin Added,House,Stack/House,Annual Expenses,Fiat MTHLY Exp,Bitcoin Expenses,BTC MTHLY Exp,Stack/Expenses,50% LTV 5% collateral Loan,50% LTV 10% Collateral Loan,50% LTV 15% Collateral Loan,50% LTV 20% Collateral Loan,,,,,,,,
2025,"$112,244.50",3.43458946,"$385,513.78",0.00000000,"$300,000.00",128.50%,"$120,000.00","$10,000.00",1.06909470,0.08909122,321.26%,"$9,637.84","$19,275.69","$28,913.53","$38,551.38",,Investments,Annual Interest Rate,,YOUR INVESTMENT,Hours,Wage,
2026,"$145,917.85",3.43458946,"$501,167.91",0.00000000,"$315,000.00",159.10%,"$126,000.00","$10,500.00",0.86349956,0.07195830,397.75%,"$12,529.20","$25,058.40","$37,587.59","$50,116.79",,$0.00,30%,,"$385,513.78","$38,551.38",10,
2027,"$189,693.21",3.43458946,"$651,518.28",0.00000000,"$330,750.00",196.98%,"$132,300.00","$11,025.00",0.69744196,0.05812016,492.46%,"$16,287.96","$32,575.91","$48,863.87","$65,151.83",,,,,,,,
2028,"$246,601.17",3.43458946,"$846,973.77",0.00000000,"$347,287.50",243.88%,"$138,915.00","$11,576.25",0.56331850,0.04694321,609.71%,"$21,174.34","$42,348.69","$63,523.03","$84,697.38",,Monthly Expenses,House Price,,Years,,,
2029,"$320,581.52",3.43458946,"$1,101,065.90",0.00000000,"$364,651.88",301.95%,"$145,860.75","$12,155.06",0.45498802,0.03791567,754.87%,"$27,526.65","$55,053.29","$82,579.94","$110,106.59",,"$10,000.00","$300,000.00",,5,,,
2030,"$416,755.97",3.43458946,"$1,431,385.67",0.00000000,"$382,884.47",373.84%,"$153,153.79","$12,762.82",0.36749033,0.03062419,934.61%,"$35,784.64","$71,569.28","$107,353.93","$143,138.57",,,,,2030,,,
2031,"$541,782.76",3.43458946,"$1,860,801.37",0.00000000,"$402,028.69",462.85%,"$160,811.48","$13,400.96",0.29681911,0.02473493,1157.13%,"$46,520.03","$93,040.07","$139,560.10","$186,080.14",,Cost of Living Increase,House Appreciation,,Bitcoin Price,,,YOUR INVESTMENT %
2032,"$704,317.59",3.43458946,"$2,419,041.78",0.00000000,"$422,130.13",573.06%,"$168,852.05","$14,071.00",0.23973851,0.01997821,1432.64%,"$60,476.04","$120,952.09","$181,428.13","$241,904.18",,5%,5%,,"$416,755.97",,,26.93%
2033,"$915,612.87",3.43458946,"$3,144,754.31",0.00000000,"$443,236.63",709.50%,"$177,294.65","$14,774.55",0.19363495,0.01613625,1773.74%,"$78,618.86","$157,237.72","$235,856.57","$314,475.43",,,,,,,,
2034,"$1,190,296.73",3.43458946,"$4,088,180.60",0.00000000,"$465,398.46",878.43%,"$186,159.39","$15,513.28",0.15639746,0.01303312,2196.06%,"$102,204.52","$204,409.03","$306,613.55","$408,818.06",,Frequency,Annual Compoundings,,How many Bitcoin will you have? (estimate),,,
2035,"$1,547,385.75",3.43458946,"$5,314,634.78",0.00000000,"$488,668.39",1087.57%,"$195,467.36","$16,288.95",0.12632103,0.01052675,2718.94%,"$132,865.87","$265,731.74","$398,597.61","$531,463.48",,Monthly,12,,3.43458946,,,
2036,"$2,011,601.47",3.43458946,"$6,909,025.22",0.00000000,"$513,101.81",1346.52%,"$205,240.72","$17,103.39",0.10202852,0.00850238,3366.30%,"$172,725.63","$345,451.26","$518,176.89","$690,902.52",,,,,,,,
2037,"$2,615,081.92",3.43458946,"$8,981,732.78",0.00000000,"$538,756.90",1667.12%,"$215,502.76","$17,958.56",0.08240765,0.00686730,4167.80%,"$224,543.32","$449,086.64","$673,629.96","$898,173.28",,,,,Portfolio Value,Bitcoiner Hourly Wage,,
2038,"$3,399,606.49",3.43458946,"$11,676,252.62",0.00000000,"$565,694.74",2064.06%,"$226,277.90","$18,856.49",0.06656003,0.00554667,5160.14%,"$291,906.32","$583,812.63","$875,718.95","$1,167,625.26",,,,,"$1,431,385.67",37.1293,,0.00%
2039,"$4,419,488.44",3.43458946,"$15,179,128.41",0.00000000,"$593,979.48",2555.50%,"$237,591.79","$19,799.32",0.05376002,0.00448000,6388.74%,"$379,478.21","$758,956.42","$1,138,434.63","$1,517,912.84",,,,,GROWTH,,,
2040,"$5,745,334.97",3.43458946,"$19,732,866.93",0.00000000,"$623,678.45",3163.95%,"$249,471.38","$20,789.28",0.04342156,0.00361846,7909.87%,"$493,321.67","$986,643.35","$1,479,965.02","$1,973,286.69",,,,,"$1,045,871.89",,,
2041,"$7,468,935.46",3.43458946,"$25,652,727.00",0.00000000,"$654,862.38",3917.27%,"$261,944.95","$21,828.75",0.03507126,0.00292260,9793.17%,"$641,318.18","$1,282,636.35","$1,923,954.53","$2,565,272.70",,,,,"$40,812.10",,,
2042,"$9,709,616.10",3.43458946,"$33,348,545.11",0.00000000,"$687,605.50",4849.95%,"$275,042.20","$22,920.18",0.02832678,0.00236057,12124.88%,"$833,713.63","$1,667,427.26","$2,501,140.88","$3,334,854.51",,,,,,,,
2043,"$12,622,500.93",3.43458946,"$43,353,108.64",0.00000000,"$721,985.77",6004.70%,"$288,794.31","$24,066.19",0.02287933,0.00190661,15011.76%,"$1,083,827.72","$2,167,655.43","$3,251,483.15","$4,335,310.86",,,,,,,,
2044,"$16,409,251.20",3.43458946,"$56,359,041.23",0.00000000,"$758,085.06",7434.40%,"$303,234.02","$25,269.50",0.01847946,0.00153995,18585.99%,"$1,408,976.03","$2,817,952.06","$4,226,928.09","$5,635,904.12",,,,,,,,
2045,"$21,332,026.56",3.43458946,"$73,266,753.60",0.00000000,"$795,989.31",9204.49%,"$318,395.72","$26,532.98",0.01492571,0.00124381,23011.22%,"$1,831,668.84","$3,663,337.68","$5,495,006.52","$7,326,675.36",,,,,,,,
2046,"$27,731,634.53",3.43458946,"$95,246,779.68",0.00000000,"$835,788.78",11396.03%,"$334,315.51","$27,859.63",0.01205538,0.00100462,28490.09%,"$2,381,169.49","$4,762,338.98","$7,143,508.48","$9,524,677.97",,,,,,,,
2047,"$36,051,124.89",3.43458946,"$123,820,813.58",0.00000000,"$877,578.22",14109.38%,"$351,031.29","$29,252.61",0.00973704,0.00081142,35273.44%,"$3,095,520.34","$6,191,040.68","$9,286,561.02","$12,382,081.36",,,,,,,,
2048,"$46,866,462.36",3.43458946,"$160,967,057.66",0.00000000,"$921,457.13",17468.75%,"$368,582.85","$30,715.24",0.00786453,0.00065538,43671.88%,"$4,024,176.44","$8,048,352.88","$12,072,529.32","$16,096,705.77",,,,,,,,
2049,"$60,926,401.07",3.43458946,"$209,257,174.95",0.00000000,"$967,529.98",21627.98%,"$387,011.99","$32,251.00",0.00635212,0.00052934,54069.95%,"$5,231,429.37","$10,462,858.75","$15,694,288.12","$20,925,717.50",,,,,,,,
2050,"$79,204,321.39",3.43458946,"$272,034,327.44",0.00000000,"$1,015,906.48",26777.50%,"$406,362.59","$33,863.55",0.00513056,0.00042755,66943.74%,"$6,800,858.19","$13,601,716.37","$20,402,574.56","$27,203,432.74",,,,,,,,
2051,"$102,965,617.81",3.43458946,"$353,644,625.67",0.00000000,"$1,066,701.81",33153.09%,"$426,680.72","$35,556.73",0.00414391,0.00034533,82882.73%,"$8,841,115.64","$17,682,231.28","$26,523,346.93","$35,364,462.57",,,,,,,,
2052,"$133,855,303.15",3.43458946,"$459,738,013.37",0.00000000,"$1,120,036.90",41046.68%,"$448,014.76","$37,334.56",0.00334701,0.00027892,102616.71%,"$11,493,450.33","$22,986,900.67","$34,480,351.00","$45,973,801.34",,,,,,,,
2053,"$174,011,894.10",3.43458946,"$597,659,417.38",0.00000000,"$1,176,038.74",50819.70%,"$470,415.50","$39,201.29",0.00270335,0.00022528,127049.26%,"$14,941,485.43","$29,882,970.87","$44,824,456.30","$59,765,941.74",,,,,,,,
2054,"$226,215,462.33",3.43458946,"$776,957,242.59",0.00000000,"$1,234,840.68",62919.63%,"$493,936.27","$41,161.36",0.00218348,0.00018196,157299.09%,"$19,423,931.06","$38,847,862.13","$58,271,793.19","$77,695,724.26",,,,,,,,
2055,"$294,080,101.02",3.43458946,"$1,010,044,415.37",0.00000000,"$1,296,582.71",77900.50%,"$518,633.09","$43,219.42",0.00176358,0.00014696,194751.25%,"$25,251,110.38","$50,502,220.77","$75,753,331.15","$101,004,441.54",,,,,,,,
2056,"$382,304,131.33",3.43458946,"$1,313,057,739.98",0.00000000,"$1,361,411.85",96448.24%,"$544,564.74","$45,380.39",0.00142443,0.00011870,241120.60%,"$32,826,443.50","$65,652,887.00","$98,479,330.50","$131,305,774.00",,,,,,,,
2057,"$496,995,370.73",3.43458946,"$1,706,975,061.98",0.00000000,"$1,429,482.44",119412.10%,"$571,792.98","$47,649.41",0.00115050,0.00009587,298530.26%,"$42,674,376.55","$85,348,753.10","$128,023,129.65","$170,697,506.20",,,,,,,,
2058,"$646,093,981.95",3.43458946,"$2,219,067,580.57",0.00000000,"$1,500,956.56",147843.56%,"$600,382.63","$50,031.89",0.00092925,0.00007744,369608.89%,"$55,476,689.51","$110,953,379.03","$166,430,068.54","$221,906,758.06",,,,,,,,
2059,"$839,922,176.53",3.43458946,"$2,884,787,854.74",0.00000000,"$1,576,004.39",183044.40%,"$630,401.76","$52,533.48",0.00075055,0.00006255,457611.01%,"$72,119,696.37","$144,239,392.74","$216,359,089.11","$288,478,785.47",,,,,,,,
2060,"$1,091,898,829.49",3.43458946,"$3,750,224,211.17",0.00000000,"$1,654,804.61",226626.41%,"$661,921.84","$55,160.15",0.00060621,0.00005052,566566.01%,"$93,755,605.28","$187,511,210.56","$281,266,815.84","$375,022,421.12",,,,,,,,
2061,"$1,419,468,478.34",3.43458946,"$4,875,291,474.52",0.00000000,"$1,737,544.84",280585.07%,"$695,017.94","$57,918.16",0.00048963,0.00004080,701462.68%,"$121,882,286.86","$243,764,573.73","$365,646,860.59","$487,529,147.45",,,,,,,,
2062,"$1,845,309,021.84",3.43458946,"$6,337,878,916.87",0.00000000,"$1,824,422.08",347391.04%,"$729,768.83","$60,814.07",0.00039547,0.00003296,868477.61%,"$158,446,972.92","$316,893,945.84","$475,340,918.77","$633,787,891.69",,,,,,,,
2063,"$2,398,901,728.40",3.43458946,"$8,239,242,591.93",0.00000000,"$1,915,643.19",430103.20%,"$766,257.27","$63,854.77",0.00031942,0.00002662,1075257.99%,"$205,981,064.80","$411,962,129.60","$617,943,194.39","$823,924,259.19",,,,,,,,
2064,"$3,118,572,246.92",3.43458946,"$10,711,015,369.51",0.00000000,"$2,011,425.35",532508.72%,"$804,570.14","$67,047.51",0.00025799,0.00002150,1331271.80%,"$267,775,384.24","$535,550,768.48","$803,326,152.71","$1,071,101,536.95",,,,,,,,
2065,"$4,054,143,920.99",3.43458946,"$13,924,319,980.36",0.00000000,"$2,111,996.61",659296.51%,"$844,798.65","$70,399.89",0.00020838,0.00001736,1648241.28%,"$348,107,999.51","$696,215,999.02","$1,044,323,998.53","$1,392,431,998.04",,,,,,,,
2066,"$5,270,387,097.29",3.43458946,"$18,101,615,974.47",0.00000000,"$2,217,596.44",816271.87%,"$887,038.58","$73,919.88",0.00016831,0.00001403,2040679.68%,"$452,540,399.36","$905,080,798.72","$1,357,621,198.09","$1,810,161,597.45",,,,,,,,
2067,"$6,851,503,226.48",3.43458946,"$23,532,100,766.81",0.00000000,"$2,328,476.27",1010622.32%,"$931,390.51","$77,615.88",0.00013594,0.00001133,2526555.79%,"$588,302,519.17","$1,176,605,038.34","$1,764,907,557.51","$2,353,210,076.68",,,,,,,,
2068,"$8,906,954,194.42",3.43458946,"$30,591,730,996.86",0.00000000,"$2,444,900.08",1251246.68%,"$977,960.03","$81,496.67",0.00010980,0.00000915,3128116.69%,"$764,793,274.92","$1,529,586,549.84","$2,294,379,824.76","$3,059,173,099.69",,,,,,,,
2069,"$11,579,040,452.75",3.43458946,"$39,769,250,295.92",0.00000000,"$2,567,145.08",1549162.55%,"$1,026,858.03","$85,571.50",0.00008868,0.00000739,3872906.38%,"$994,231,257.40","$1,988,462,514.80","$2,982,693,772.19","$3,976,925,029.59",,,,,,,,
2070,"$15,052,752,588.57",3.43458946,"$51,700,025,384.69",0.00000000,"$2,695,502.34",1918010.78%,"$1,078,200.94","$89,850.08",0.00007163,0.00000597,4795026.95%,"$1,292,500,634.62","$2,585,001,269.23","$3,877,501,903.85","$5,170,002,538.47",,,,,,,,
2071,"$19,568,578,365.14",3.43458946,"$67,210,033,000.10",0.00000000,"$2,830,277.45",2374680.01%,"$1,132,110.98","$94,342.58",0.00005785,0.00000482,5936700.03%,"$1,680,250,825.00","$3,360,501,650.00","$5,040,752,475.01","$6,721,003,300.01",,,,,,,,
2072,"$25,439,151,874.68",3.43458946,"$87,373,042,900.13",0.00000000,"$2,971,791.33",2940080.01%,"$1,188,716.53","$99,059.71",0.00004673,0.00000389,7350200.04%,"$2,184,326,072.50","$4,368,652,145.01","$6,552,978,217.51","$8,737,304,290.01",,,,,,,,
2073,"$33,070,897,437.09",3.43458946,"$113,584,955,770.17",0.00000000,"$3,120,380.89",3640099.07%,"$1,248,152.36","$104,012.70",0.00003774,0.00000315,9100247.66%,"$2,839,623,894.25","$5,679,247,788.51","$8,518,871,682.76","$11,358,495,577.02",,,,,,,,
2074,"$42,992,166,668.22",3.43458946,"$147,660,442,501.22",0.00000000,"$3,276,399.94",4506789.32%,"$1,310,559.98","$109,213.33",0.00003048,0.00000254,11266973.30%,"$3,691,511,062.53","$7,383,022,125.06","$11,074,533,187.59","$14,766,044,250.12",,,,,,,,
2075,"$55,889,816,668.68",3.43458946,"$191,958,575,251.58",0.00000000,"$3,440,219.94",5579834.40%,"$1,376,087.97","$114,674.00",0.00002462,0.00000205,13949585.99%,"$4,798,964,381.29","$9,597,928,762.58","$14,396,893,143.87","$19,195,857,525.16",,,,,,,,
2076,"$72,656,761,669.28",3.43458946,"$249,546,147,827.06",0.00000000,"$3,612,230.93",6908366.39%,"$1,444,892.37","$120,407.70",0.00001989,0.00000166,17270915.99%,"$6,238,653,695.68","$12,477,307,391.35","$18,715,961,087.03","$24,954,614,782.71",,,,,,,,
2077,"$94,453,790,170.07",3.43458946,"$324,409,992,175.18",0.00000000,"$3,792,842.48",8553215.54%,"$1,517,136.99","$126,428.08",0.00001606,0.00000134,21383038.84%,"$8,110,249,804.38","$16,220,499,608.76","$24,330,749,413.14","$32,440,999,217.52",,,,,,,,
2078,"$122,789,927,221.09",3.43458946,"$421,732,989,827.73",0.00000000,"$3,982,484.60",10589695.43%,"$1,592,993.84","$132,749.49",0.00001297,0.00000108,26474238.56%,"$10,543,324,745.69","$21,086,649,491.39","$31,629,974,237.08","$42,173,298,982.77",,,,,,,,
2079,"$159,626,905,387.42",3.43458946,"$548,252,886,776.05",0.00000000,"$4,181,608.83",13111051.48%,"$1,672,643.53","$139,386.96",0.00001048,0.00000087,32777628.70%,"$13,706,322,169.40","$27,412,644,338.80","$41,118,966,508.20","$54,825,288,677.60",,,,,,,,
2080,"$207,514,977,003.65",3.43458946,"$712,728,752,808.86",0.00000000,"$4,390,689.27",16232730.40%,"$1,756,275.71","$146,356.31",0.00000846,0.00000071,40581826.01%,"$17,818,218,820.22","$35,636,437,640.44","$53,454,656,460.66","$71,272,875,280.89",,,,,,,,
2081,"$269,769,470,104.74",3.43458946,"$926,547,378,651.52",0.00000000,"$4,610,223.74",20097666.21%,"$1,844,089.50","$153,674.12",0.00000684,0.00000057,50244165.53%,"$23,163,684,466.29","$46,327,368,932.58","$69,491,053,398.86","$92,654,737,865.15",,,,,,,,
2082,"$350,700,311,136.16",3.43458946,"$1,204,511,592,246.97",0.00000000,"$4,840,734.93",24882824.83%,"$1,936,293.97","$161,357.83",0.00000552,0.00000046,62207062.09%,"$30,112,789,806.17","$60,225,579,612.35","$90,338,369,418.52","$120,451,159,224.70",,,,,,,,
2083,"$455,910,404,477.01",3.43458946,"$1,565,865,069,921.07",0.00000000,"$5,082,771.67",30807306.94%,"$2,033,108.67","$169,425.72",0.00000446,0.00000037,77018267.35%,"$39,146,626,748.03","$78,293,253,496.05","$117,439,880,244.08","$156,586,506,992.11",,,,,,,,
2084,"$592,683,525,820.11",3.43458946,"$2,035,624,590,897.39",0.00000000,"$5,336,910.26",38142380.02%,"$2,134,764.10","$177,897.01",0.00000360,0.00000030,95355950.05%,"$50,890,614,772.43","$101,781,229,544.87","$152,671,844,317.30","$203,562,459,089.74",,,,,,,,
2085,"$770,488,583,566.14",3.43458946,"$2,646,311,968,166.60",0.00000000,"$5,603,755.77",47223899.07%,"$2,241,502.31","$186,791.86",0.00000291,0.00000024,118059747.68%,"$66,157,799,204.17","$132,315,598,408.33","$198,473,397,612.50","$264,631,196,816.66",,,,,,,,
2086,"$1,001,635,158,635.99",3.43458946,"$3,440,205,558,616.59",0.00000000,"$5,883,943.56",58467684.56%,"$2,353,577.42","$196,131.45",0.00000235,0.00000020,146169211.41%,"$86,005,138,965.41","$172,010,277,930.83","$258,015,416,896.24","$344,020,555,861.66",,,,,,,,
2087,"$1,302,125,706,226.78",3.43458946,"$4,472,267,226,201.56",0.00000000,"$6,178,140.73",72388561.84%,"$2,471,256.29","$205,938.02",0.00000190,0.00000016,180971404.60%,"$111,806,680,655.04","$223,613,361,310.08","$335,420,041,965.12","$447,226,722,620.16",,,,,,,,
2088,"$1,692,763,418,094.82",3.43458946,"$5,813,947,394,062.03",0.00000000,"$6,487,047.77",89623933.71%,"$2,594,819.11","$216,234.93",0.00000153,0.00000013,224059834.27%,"$145,348,684,851.55","$290,697,369,703.10","$436,046,054,554.65","$581,394,739,406.20",,,,,,,,
2089,"$2,200,592,443,523.26",3.43458946,"$7,558,131,612,280.64",0.00000000,"$6,811,400.16",110962965.54%,"$2,724,560.06","$227,046.67",0.00000124,0.00000010,277407413.86%,"$188,953,290,307.02","$377,906,580,614.03","$566,859,870,921.05","$755,813,161,228.06",,,,,,,,
2090,"$2,860,770,176,580.24",3.43458946,"$9,825,571,095,964.83",0.00000000,"$7,151,970.17",137382719.24%,"$2,860,788.07","$238,399.01",0.00000100,0.00000008,343456798.11%,"$245,639,277,399.12","$491,278,554,798.24","$736,917,832,197.36","$982,557,109,596.48",,,,,,,,
2091,"$3,719,001,229,554.31",3.43458946,"$12,773,242,424,754.30",0.00000000,"$7,509,568.68",170092890.49%,"$3,003,827.47","$250,318.96",0.00000081,0.00000007,425232226.23%,"$319,331,060,618.86","$638,662,121,237.71","$957,993,181,856.57","$1,277,324,242,475.43",,,,,,,,
2092,"$4,834,701,598,420.60",3.43458946,"$16,605,215,152,180.60",0.00000000,"$7,885,047.11",210591197.75%,"$3,154,018.84","$262,834.90",0.00000065,0.00000005,526477994.38%,"$415,130,378,804.51","$830,260,757,609.03","$1,245,391,136,413.54","$1,660,521,515,218.06",,,,,,,,
2093,"$6,285,112,077,946.79",3.43458946,"$21,586,779,697,834.70",0.00000000,"$8,279,299.47",260731959.12%,"$3,311,719.79","$275,976.65",0.00000053,0.00000004,651829897.81%,"$539,669,492,445.87","$1,079,338,984,891.74","$1,619,008,477,337.60","$2,158,677,969,783.47",,,,,,,,
2094,"$8,170,645,701,330.82",3.43458946,"$28,062,813,607,185.20",0.00000000,"$8,693,264.44",322810997.01%,"$3,477,305.78","$289,775.48",0.00000043,0.00000004,807027492.52%,"$701,570,340,179.63","$1,403,140,680,359.26","$2,104,711,020,538.89","$2,806,281,360,718.52",,,,,,,,
2095,"$10,621,839,411,730.10",3.43458946,"$36,481,657,689,340.70",0.00000000,"$9,127,927.66",399670758.20%,"$3,651,171.06","$304,264.26",0.00000034,0.00000003,999176895.50%,"$912,041,442,233.52","$1,824,082,884,467.04","$2,736,124,326,700.55","$3,648,165,768,934.07",,,,,,,,
2096,"$13,808,391,235,249.10",3.43458946,"$47,426,154,996,142.90",0.00000000,"$9,584,324.04",494830462.53%,"$3,833,729.62","$319,477.47",0.00000028,0.00000002,1237076156.34%,"$1,185,653,874,903.57","$2,371,307,749,807.15","$3,556,961,624,710.72","$4,742,615,499,614.29",,,,,,,,
2097,"$17,950,908,605,823.80",3.43458946,"$61,654,001,494,985.80",0.00000000,"$10,063,540.25",612647239.33%,"$4,025,416.10","$335,451.34",0.00000022,0.00000002,1531618098.32%,"$1,541,350,037,374.64","$3,082,700,074,749.29","$4,624,050,112,123.93","$6,165,400,149,498.58",,,,,,,,
2098,"$23,336,181,187,571.00",3.43458946,"$80,150,201,943,481.50",0.00000000,"$10,566,717.26",758515629.64%,"$4,226,686.90","$352,223.91",0.00000018,0.00000002,1896289074.11%,"$2,003,755,048,587.04","$4,007,510,097,174.08","$6,011,265,145,761.11","$8,015,020,194,348.15",,,,,,,,
2099,"$30,337,035,543,842.30",3.43458946,"$104,195,262,526,526.00",0.00000000,"$11,095,053.12",939114589.08%,"$4,438,021.25","$369,835.10",0.00000015,0.00000001,2347786472.71%,"$2,604,881,563,163.15","$5,209,763,126,326.30","$7,814,644,689,489.45","$10,419,526,252,652.60",,,,,,,,
2100,"$39,438,146,206,994.90",3.43458946,"$135,453,841,284,484.00",0.00000000,"$11,649,805.78",1162713300.77%,"$4,659,922.31","$388,326.86",0.00000012,0.00000001,2906783251.92%,"$3,386,346,032,112.09","$6,772,692,064,224.19","$10,159,038,096,336.30","$13,545,384,128,448.40",,,,,,,,
2101,"$51,269,590,069,093.40",3.43458946,"$176,089,993,669,829.00",0.00000000,"$12,232,296.07",1439549800.95%,"$4,892,918.43","$407,743.20",0.00000010,0.00000001,3598874502.38%,"$4,402,249,841,745.72","$8,804,499,683,491.45","$13,206,749,525,237.20","$17,608,999,366,982.90",,,,,,,,
2102,"$66,650,467,089,821.40",3.43458946,"$228,916,991,770,778.00",0.00000000,"$12,843,910.87",1782299753.56%,"$5,137,564.35","$428,130.36",0.00000008,0.00000001,4455749383.90%,"$5,722,924,794,269.44","$11,445,849,588,538.90","$17,168,774,382,808.30","$22,891,699,177,077.80",,,,,,,,
2103,"$86,645,607,216,767.90",3.43458946,"$297,592,089,302,011.00",0.00000000,"$13,486,106.41",2206656837.74%,"$5,394,442.57","$449,536.88",0.00000006,0.00000001,5516642094.35%,"$7,439,802,232,550.27","$14,879,604,465,100.50","$22,319,406,697,650.80","$29,759,208,930,201.10",,,,,,,,
2104,"$112,639,289,381,798.00",3.43458946,"$386,869,716,092,614.00",0.00000000,"$14,160,411.73",2732051322.92%,"$5,664,164.69","$472,013.72",0.00000005,0.00000000,6830128307.30%,"$9,671,742,902,315.35","$19,343,485,804,630.70","$29,015,228,706,946.10","$38,686,971,609,261.40",,,,,,,,
2105,"$146,431,076,196,338.00",3.43458946,"$502,930,630,920,398.00",0.00000000,"$14,868,432.32",3382539733.14%,"$5,947,372.93","$495,614.41",0.00000004,0.00000000,8456349332.84%,"$12,573,265,773,010.00","$25,146,531,546,019.90","$37,719,797,319,029.90","$50,293,063,092,039.80",,,,,,,,
2106,"$190,360,399,055,239.00",3.43458946,"$653,809,820,196,518.00",0.00000000,"$15,611,853.94",4187906336.27%,"$6,244,741.57","$520,395.13",0.00000003,0.00000000,10469765840.66%,"$16,345,245,504,913.00","$32,690,491,009,825.90","$49,035,736,514,738.90","$65,380,982,019,651.80",,,,,,,,
2107,"$247,468,518,771,811.00",3.43458946,"$849,952,766,255,473.00",0.00000000,"$16,392,446.63",5185026892.52%,"$6,556,978.65","$546,414.89",0.00000003,0.00000000,12962567231.30%,"$21,248,819,156,386.80","$42,497,638,312,773.70","$63,746,457,469,160.50","$84,995,276,625,547.40",,,,,,,,
2108,"$321,709,074,403,354.00",3.43458946,"$1,104,938,596,132,120.00",0.00000000,"$17,212,068.96",6419557105.02%,"$6,884,827.59","$573,735.63",0.00000002,0.00000000,16048892762.56%,"$27,623,464,903,302.90","$55,246,929,806,605.80","$82,870,394,709,908.70","$110,493,859,613,212.00",,,,,,,,
2109,"$418,221,796,724,360.00",3.43458946,"$1,436,420,174,971,750.00",0.00000000,"$18,072,672.41",7948023082.41%,"$7,229,068.97","$602,422.41",0.00000002,0.00000000,19870057706.02%,"$35,910,504,374,293.80","$71,821,008,748,587.50","$107,731,513,122,881.00","$143,642,017,497,175.00",,,,,,,,
2110,"$543,688,335,741,668.00",3.43458946,"$1,867,346,227,463,280.00",0.00000000,"$18,976,306.03",9840409530.60%,"$7,590,522.41","$632,543.53",0.00000001,0.00000000,24601023826.51%,"$46,683,655,686,581.90","$93,367,311,373,163.80","$140,050,967,059,746.00","$186,734,622,746,328.00",,,,,,,,
2111,"$706,794,836,464,169.00",3.43458946,"$2,427,550,095,702,260.00",0.00000000,"$19,925,121.34",12183364180.75%,"$7,970,048.53","$664,170.71",0.00000001,0.00000000,30458410451.86%,"$60,688,752,392,556.50","$121,377,504,785,113.00","$182,066,257,177,669.00","$242,755,009,570,226.00",,,,,,,,
2112,"$918,833,287,403,419.00",3.43458946,"$3,155,815,124,412,940.00",0.00000000,"$20,921,377.40",15084165176.16%,"$8,368,550.96","$697,379.25",0.00000001,0.00000000,37710412940.40%,"$78,895,378,110,323.40","$157,790,756,220,647.00","$236,686,134,330,970.00","$315,581,512,441,294.00",,,,,,,,
2113,"$1,194,483,273,624,450.00",3.43458946,"$4,102,559,661,736,820.00",0.00000000,"$21,967,446.27",18675633075.25%,"$8,786,978.51","$732,248.21",0.00000001,0.00000000,46689082688.12%,"$102,563,991,543,420.00","$205,127,983,086,841.00","$307,691,974,630,261.00","$410,255,966,173,682.00",,,,,,,,
2114,"$1,552,828,255,711,780.00",3.43458946,"$5,333,327,560,257,860.00",0.00000000,"$23,065,818.59",23122212378.88%,"$9,226,327.43","$768,860.62",0.00000001,0.00000000,57805530947.19%,"$133,333,189,006,447.00","$266,666,378,012,893.00","$399,999,567,019,340.00","$533,332,756,025,786.00",,,,,,,,
2115,"$2,018,676,732,425,310.00",3.43458946,"$6,933,325,828,335,220.00",0.00000000,"$24,219,109.51",28627501040.52%,"$9,687,643.81","$807,303.65",0.00000000,0.00000000,71568752601.29%,"$173,333,145,708,381.00","$346,666,291,416,761.00","$519,999,437,125,142.00","$693,332,582,833,522.00",,,,,,,,
2116,"$2,624,279,752,152,910.00",3.43458946,"$9,013,323,576,835,790.00",0.00000000,"$25,430,064.99",35443572716.83%,"$10,172,026.00","$847,668.83",0.00000000,0.00000000,88608931792.07%,"$225,333,089,420,895.00","$450,666,178,841,789.00","$675,999,268,262,684.00","$901,332,357,683,579.00",,,,,,,,
2117,"$3,411,563,677,798,780.00",3.43458946,"$11,717,320,649,886,500.00",0.00000000,"$26,701,568.24",43882518601.79%,"$10,680,627.30","$890,052.27",0.00000000,0.00000000,109706296504.47%,"$292,933,016,247,163.00","$585,866,032,494,326.00","$878,799,048,741,489.00","$1,171,732,064,988,650.00",,,,,,,,
2118,"$4,435,032,781,138,410.00",3.43458946,"$15,232,516,844,852,500.00",0.00000000,"$28,036,646.65",54330737316.50%,"$11,214,658.66","$934,554.89",0.00000000,0.00000000,135826843291.25%,"$380,812,921,121,312.00","$761,625,842,242,624.00","$1,142,438,763,363,940.00","$1,523,251,684,485,250.00",,,,,,,,
2119,"$5,765,542,615,479,940.00",3.43458946,"$19,802,271,898,308,200.00",0.00000000,"$29,438,478.98",67266627153.76%,"$11,775,391.59","$981,282.63",0.00000000,0.00000000,168166567884.40%,"$495,056,797,457,706.00","$990,113,594,915,411.00","$1,485,170,392,373,120.00","$1,980,227,189,830,820.00",,,,,,,,
2120,"$7,495,205,400,123,920.00",3.43458946,"$25,742,953,467,800,700.00",0.00000000,"$30,910,402.93",83282490761.80%,"$12,364,161.17","$1,030,346.76",0.00000000,0.00000000,208206226904.50%,"$643,573,836,695,017.00","$1,287,147,673,390,030.00","$1,930,721,510,085,050.00","$2,574,295,346,780,070.00",,,,,,,,
2121,"$9,743,767,020,161,090.00",3.43458946,"$33,465,839,508,140,900.00",0.00000000,"$32,455,923.08",103111655228.90%,"$12,982,369.23","$1,081,864.10",0.00000000,0.00000000,257779138072.24%,"$836,645,987,703,523.00","$1,673,291,975,407,050.00","$2,509,937,963,110,570.00","$3,346,583,950,814,090.00",,,,,,,,
2122,"$12,666,897,126,209,400.00",3.43458946,"$43,505,591,360,583,200.00",0.00000000,"$34,078,719.23",127662049331.01%,"$13,631,487.69","$1,135,957.31",0.00000000,0.00000000,319155123327.53%,"$1,087,639,784,014,580.00","$2,175,279,568,029,160.00","$3,262,919,352,043,740.00","$4,350,559,136,058,320.00",,,,,,,,
2123,"$16,466,966,264,072,200.00",3.43458946,"$56,557,268,768,758,100.00",0.00000000,"$35,782,655.20",158057775362.21%,"$14,313,062.08","$1,192,755.17",0.00000000,0.00000000,395144438405.51%,"$1,413,931,719,218,950.00","$2,827,863,438,437,910.00","$4,241,795,157,656,860.00","$5,655,726,876,875,810.00",,,,,,,,
2124,"$21,407,056,143,293,900.00",3.43458946,"$73,524,449,399,385,600.00",0.00000000,"$37,571,787.96",195690579019.87%,"$15,028,715.18","$1,252,392.93",0.00000000,0.00000000,489226447549.68%,"$1,838,111,234,984,640.00","$3,676,222,469,969,280.00","$5,514,333,704,953,920.00","$7,352,444,939,938,560.00",,,,,,,,
2125,"$27,829,172,986,282,100.00",3.43458946,"$95,581,784,219,201,200.00",0.00000000,"$39,450,377.35",242283574024.61%,"$15,780,150.94","$1,315,012.58",0.00000000,0.00000000,605708935061.51%,"$2,389,544,605,480,030.00","$4,779,089,210,960,060.00","$7,168,633,816,440,090.00","$9,558,178,421,920,120.00",,,,,,,,
2126,"$36,177,924,882,166,700.00",3.43458946,"$124,256,319,484,962,000.00",0.00000000,"$41,422,896.22",299970139268.56%,"$16,569,158.49","$1,380,763.21",0.00000000,0.00000000,749925348171.40%,"$3,106,407,987,124,040.00","$6,212,815,974,248,080.00","$9,319,223,961,372,120.00","$12,425,631,948,496,200.00",,,,,,,,
2127,"$47,031,302,346,816,800.00",3.43458946,"$161,533,215,330,450,000.00",0.00000000,"$43,494,041.03",371391600999.17%,"$17,397,616.41","$1,449,801.37",0.00000000,0.00000000,928479002497.92%,"$4,038,330,383,261,250.00","$8,076,660,766,522,500.00","$12,114,991,149,783,800.00","$16,153,321,533,045,000.00",,,,,,,,
2128,"$61,140,693,050,861,800.00",3.43458946,"$209,993,179,929,585,000.00",0.00000000,"$45,668,743.08",459818172665.64%,"$18,267,497.23","$1,522,291.44",0.00000000,0.00000000,1149545431664.09%,"$5,249,829,498,239,630.00","$10,499,658,996,479,300.00","$15,749,488,494,718,900.00","$20,999,317,992,958,500.00",,,,,,,,
2129,"$79,482,900,966,120,300.00",3.43458946,"$272,991,133,908,461,000.00",0.00000000,"$47,952,180.24",569298689966.98%,"$19,180,872.10","$1,598,406.01",0.00000000,0.00000000,1423246724917.45%,"$6,824,778,347,711,520.00","$13,649,556,695,423,000.00","$20,474,335,043,134,500.00","$27,299,113,390,846,100.00",,,,,,,,
2130,"$103,327,771,255,956,000.00",3.43458946,"$354,888,474,080,999,000.00",0.00000000,"$50,349,789.25",704845997101.97%,"$20,139,915.70","$1,678,326.31",0.00000000,0.00000000,1762114992754.94%,"$8,872,211,852,024,970.00","$17,744,423,704,049,900.00","$26,616,635,556,074,900.00","$35,488,847,408,099,900.00",,,,,,,,
2131,"$134,326,102,632,743,000.00",3.43458946,"$461,355,016,305,299,000.00",0.00000000,"$52,867,278.71",872666472602.45%,"$21,146,911.49","$1,762,242.62",0.00000000,0.00000000,2181666181506.11%,"$11,533,875,407,632,500.00","$23,067,750,815,264,900.00","$34,601,626,222,897,400.00","$46,135,501,630,529,900.00",,,,,,,,
2132,"$174,623,933,422,566,000.00",3.43458946,"$599,761,521,196,888,000.00",0.00000000,"$55,510,642.65",1080444204174.46%,"$22,204,257.06","$1,850,354.75",0.00000000,0.00000000,2701110510436.14%,"$14,994,038,029,922,200.00","$29,988,076,059,844,400.00","$44,982,114,089,766,600.00","$59,976,152,119,688,800.00",,,,,,,,
2133,"$227,011,113,449,336,000.00",3.43458946,"$779,689,977,555,955,000.00",0.00000000,"$58,286,174.78",1337692824215.99%,"$23,314,469.91","$1,942,872.49",0.00000000,0.00000000,3344232060539.98%,"$19,492,249,438,898,900.00","$38,984,498,877,797,700.00","$58,476,748,316,696,600.00","$77,968,997,755,595,500.00",,,,,,,,
2134,"$295,114,447,484,137,000.00",3.43458946,"$1,013,596,970,822,740,000.00",0.00000000,"$61,200,483.52",1656191115695.99%,"$24,480,193.41","$2,040,016.12",0.00000000,0.00000000,4140477789239.98%,"$25,339,924,270,568,500.00","$50,679,848,541,137,100.00","$76,019,772,811,705,600.00","$101,359,697,082,274,000.00",,,,,,,,
2135,"$383,648,781,729,378,000.00",3.43458946,"$1,317,676,062,069,560,000.00",0.00000000,"$64,260,507.70",2050522333718.85%,"$25,704,203.08","$2,142,016.92",0.00000000,0.00000000,5126305834297.12%,"$32,941,901,551,739,100.00","$65,883,803,103,478,200.00","$98,825,704,655,217,300.00","$131,767,606,206,956,000.00",,,,,,,,
2136,"$498,743,416,248,192,000.00",3.43458946,"$1,712,978,880,690,430,000.00",0.00000000,"$67,473,533.08",2538741936985.24%,"$26,989,413.23","$2,249,117.77",0.00000000,0.00000000,6346854842463.10%,"$42,824,472,017,260,800.00","$85,648,944,034,521,600.00","$128,473,416,051,782,000.00","$171,297,888,069,043,000.00",,,,,,,,
2137,"$648,366,441,122,649,000.00",3.43458946,"$2,226,872,544,897,560,000.00",0.00000000,"$70,847,209.73",3143204302934.10%,"$28,338,883.89","$2,361,573.66",0.00000000,0.00000000,7858010757335.26%,"$55,671,813,622,439,100.00","$111,343,627,244,878,000.00","$167,015,440,867,317,000.00","$222,687,254,489,756,000.00",,,,,,,,
2138,"$842,876,373,459,444,000.00",3.43458946,"$2,894,934,308,366,830,000.00",0.00000000,"$74,389,570.22",3891586279823.17%,"$29,755,828.09","$2,479,652.34",0.00000000,0.00000000,9728965699557.94%,"$72,373,357,709,170,800.00","$144,746,715,418,342,000.00","$217,120,073,127,512,000.00","$289,493,430,836,683,000.00",,,,,,,,
2139,"$1,095,739,285,497,280,000.00",3.43458946,"$3,763,414,600,876,880,000.00",0.00000000,"$78,109,048.73",4818154441685.83%,"$31,243,619.49","$2,603,634.96",0.00000000,0.00000000,12045386104214.60%,"$94,085,365,021,922,000.00","$188,170,730,043,844,000.00","$282,256,095,065,766,000.00","$376,341,460,087,688,000.00",,,,,,,,
2140,"$1,424,461,071,146,460,000.00",3.43458946,"$4,892,438,981,139,950,000.00",0.00000000,"$82,014,501.17",5965334070658.65%,"$32,805,800.47","$2,733,816.71",0.00000000,0.00000000,14913335176646.60%,"$122,310,974,528,499,000.00","$244,621,949,056,997,000.00","$366,932,923,585,496,000.00","$489,243,898,113,995,000.00",,,,,,,,
2141,"$1,851,799,392,490,400,000.00",3.43458946,"$6,360,170,675,481,930,000.00",0.00000000,"$86,115,226.23",7385651706529.76%,"$34,446,090.49","$2,870,507.54",0.00000000,0.00000000,18464129266324.40%,"$159,004,266,887,048,000.00","$318,008,533,774,096,000.00","$477,012,800,661,145,000.00","$636,017,067,548,193,000.00",,,,,,,,
2142,"$2,407,339,210,237,520,000.00",3.43458946,"$8,268,221,878,126,510,000.00",0.00000000,"$90,420,987.54",9144140208084.46%,"$36,168,395.02","$3,014,032.92",0.00000000,0.00000000,22860350520211.20%,"$206,705,546,953,163,000.00","$413,411,093,906,325,000.00","$620,116,640,859,488,000.00","$826,822,187,812,651,000.00",,,,,,,,
2143,"$3,129,540,973,308,770,000.00",3.43458946,"$10,748,688,441,564,500,000.00",0.00000000,"$94,942,036.92",11321316448104.60%,"$37,976,814.77","$3,164,734.56",0.00000000,0.00000000,28303291120261.50%,"$268,717,211,039,112,000.00","$537,434,422,078,223,000.00","$806,151,633,117,334,000.00","$1,074,868,844,156,450,000.00",,,,,,,,
2144,"$4,068,403,265,301,410,000.00",3.43458946,"$13,973,294,974,033,800,000.00",0.00000000,"$99,689,138.76",14016867983367.60%,"$39,875,655.50","$3,322,971.29",0.00000000,0.00000000,35042169958418.90%,"$349,332,374,350,845,000.00","$698,664,748,701,690,000.00","$1,047,997,123,052,530,000.00","$1,397,329,497,403,380,000.00",,,,,,,,
2145,"$5,288,924,244,891,830,000.00",3.43458946,"$18,165,283,466,243,900,000.00",0.00000000,"$104,673,595.70",17354217503217.00%,"$41,869,438.28","$3,489,119.86",0.00000000,0.00000000,43385543758042.50%,"$454,132,086,656,098,000.00","$908,264,173,312,197,000.00","$1,362,396,259,968,300,000.00","$1,816,528,346,624,390,000.00",,,,,,,,
2146,"$6,875,601,518,359,380,000.00",3.43458946,"$23,614,868,506,117,100,000.00",0.00000000,"$109,907,275.49",21486174051602.00%,"$43,962,910.19","$3,663,575.85",0.00000000,0.00000000,53715435129005.00%,"$590,371,712,652,928,000.00","$1,180,743,425,305,860,000.00","$1,771,115,137,958,780,000.00","$2,361,486,850,611,710,000.00",,,,,,,,
2147,"$8,938,281,973,867,190,000.00",3.43458946,"$30,699,329,057,952,300,000.00",0.00000000,"$115,402,639.26",26601929778173.90%,"$46,161,055.70","$3,846,754.64",0.00000000,0.00000000,66504824445434.80%,"$767,483,226,448,806,000.00","$1,534,966,452,897,610,000.00","$2,302,449,679,346,420,000.00","$3,069,932,905,795,230,000.00",,,,,,,,
2148,"$11,619,766,566,027,400,000.00",3.43458946,"$39,909,127,775,337,900,000.00",0.00000000,"$121,172,771.22",32935722582501.00%,"$48,469,108.49","$4,039,092.37",0.00000000,0.00000000,82339306456252.60%,"$997,728,194,383,448,000.00","$1,995,456,388,766,900,000.00","$2,993,184,583,150,350,000.00","$3,990,912,777,533,790,000.00",,,,,,,,
2149,"$15,105,696,535,835,600,000.00",3.43458946,"$51,881,866,107,939,300,000.00",0.00000000,"$127,231,409.78",40777561292620.30%,"$50,892,563.91","$4,241,046.99",0.00000000,0.00000000,101943903231551.00%,"$1,297,046,652,698,480,000.00","$2,594,093,305,396,970,000.00","$3,891,139,958,095,450,000.00","$5,188,186,610,793,930,000.00",,,,,,,,
2150,"$19,637,405,496,586,200,000.00",3.43458946,"$67,446,425,940,321,100,000.00",0.00000000,"$133,592,980.27",50486504457529.90%,"$53,437,192.11","$4,453,099.34",0.00000000,0.00000000,126216261143825.00%,"$1,686,160,648,508,030,000.00","$3,372,321,297,016,060,000.00","$5,058,481,945,524,080,000.00","$6,744,642,594,032,110,000.00",,,,,,,,
2151,"$25,528,627,145,562,100,000.00",3.43458946,"$87,680,353,722,417,500,000.00",,,,"$56,109,051.71",,,0.00000000,,,"$4,384,017,686,120,870,000.00","$6,576,026,529,181,310,000.00","$8,768,035,372,241,750,000.00",,,,,,,,